index,y_true,y_pred
0,454592339.9338448,512883516.090874
1,340875151.4008483,360900447.62476933
2,332729459.13651764,354567545.5163434
3,343491368.765148,342781355.85771346
4,352250678.2136467,340403102.8614064
5,105093155.9693533,164068795.1088892
6,97239471.52577063,125903694.79586819
7,78099972.9614355,120157952.30469808
8,66606321.52290234,99645134.10226098
9,66606321.52290234,92044938.54579231
10,66606321.52290234,79688619.16024655
11,66606321.52290234,69199250.7383579
12,66606321.52290234,82005991.27818969
13,305441674.62872666,338123413.19027793
14,324727937.30944794,323740183.35677606
15,364981957.73934394,380289208.699066
16,374622837.80728424,385766078.3728291
17,368241212.6270253,380695779.0272553
18,367358110.268061,396042540.957673
19,310975663.428804,354253674.74394006
20,303371138.91915584,351847293.25082684
21,302595903.07122135,358633809.56590235
22,306494579.41261214,377181658.4109659
23,317445045.3678975,389729204.60620123
24,300889226.36601853,292680285.9551085
25,208002577.34733158,250643955.42665154
26,168234069.32068345,224033761.50819814
27,154401154.45565453,198776873.51546013
28,155885794.00967297,165172308.17499775
29,76923795.52290235,155358629.02953193
30,76923795.52290235,115487180.17042688
31,66606321.52290234,109593248.05728802
32,66606321.52290234,101187111.95219728
33,66606321.52290234,87875980.56500283
34,66606321.52290234,73361022.4160459
35,66606321.52290234,64535184.679477274
36,66606321.52290234,57857908.18150094
37,68754908.27317692,46392014.310816884
38,162888144.6778371,109540869.73976284
39,213745998.96178555,220414660.16969323
40,166484125.15442878,234395335.21272373
41,194636585.84923545,243130785.85333958
42,176356297.07919657,235592285.22477332
43,215734465.20021874,193975708.12677222
44,182509448.9964353,189767605.64977363
45,229714658.5063699,191422076.8906688
46,199197283.13259774,210906642.9903853
47,255602593.4225574,212590160.9188106
48,200565156.96633852,216116225.48291406
49,219590011.9987421,198057330.39305013
50,168440455.50097603,204311353.7613486
51,182363543.72331387,173879064.3862009
52,121480684.91743767,174129577.8615045
53,106106488.82695147,86051943.76175576
54,76923795.52290235,87604876.79247084
55,66606321.52290234,109608073.06468743
56,108784155.8712381,127074180.07811853
57,78099972.9614355,118988854.08639568
58,78099972.9614355,94511508.38923398
59,78099972.9614355,79492655.0760206
60,86787676.9919473,153064028.22000194
61,289329175.8218765,352945928.9903067
62,359632172.4970131,451490453.0491412
63,569364567.1219074,639991355.9165219
64,546118642.1803542,604291749.3554235
65,568924790.4820141,561199363.5722275
66,589904701.4280031,595422169.2176149
67,616521105.5387708,645165656.1358851
68,619387994.1421698,663669063.2970614
69,611472196.7372943,624173913.8433521
70,640937771.0583116,628880172.7772119
71,677446091.6309884,668706128.029748
72,551904570.1966712,548823980.5547316
73,396074153.1779572,372806640.67129236
74,343550395.57146674,374279667.46033627
75,325144318.49035555,362861699.4754181
76,328485768.32073563,347029607.13800365
77,109742666.65037309,177524513.414382
78,176805721.20805427,159995038.65243468
79,118256059.39353524,149183545.3299635
80,88053487.55699085,103958059.54111347
81,78099972.9614355,108674009.67720637
82,78099972.9614355,89030502.33796605
83,78099972.9614355,81120788.33336869
84,86787676.9919473,153756790.14514446
85,290075919.6277393,346517878.93523407
86,359047248.39101183,443787434.7092715
87,567588328.0405266,662145339.7033324
88,559259522.3461056,607307601.5407176
89,569691001.7525979,572761702.4695172
90,595954536.2346613,594771626.5720639
91,611957358.42157,654023569.7575867
92,617283582.9254503,657180031.2785658
93,615005588.0074846,612174142.9447194
94,652082383.5069774,624056229.6484263
95,682050767.474143,659953889.0190716
96,570444280.2326859,557044224.9584672
97,390316094.09940183,372576292.0025765
98,346035526.5617163,370285642.6202467
99,325066486.5565749,361462089.1782302
100,327058850.483995,343453064.65793437
101,116723347.40653971,174485076.12869483
102,164440570.9250687,170231677.5334798
103,78099972.9614355,138832679.39676258
104,138087546.03029138,104841542.76797882
105,78099972.9614355,119401570.70603254
106,88530016.984019,116816770.13460305
107,97453738.66846429,143653506.80749288
108,99237252.2111362,138800299.84205142
109,270127859.3569093,358721428.94418216
110,351918631.0683132,429598686.3445916
111,567459470.7353076,646224522.5672244
112,549657518.7264917,630452923.0525701
113,572342390.3357328,588283625.8175805
114,599017968.9914885,601642338.0213455
115,622640365.0392504,663720506.1905277
116,625651847.369293,660888969.5260296
117,619594556.094022,610432144.567833
118,655702692.3848566,623155179.163831
119,680334532.9816169,661172354.3093183
120,563731692.1010535,554934478.5387214
121,407255340.07775635,372605394.42027324
122,361687376.65288746,363886026.851595
123,328623764.05190647,361622194.454373
124,328598099.74768597,343691968.64824635
125,169455201.75425652,181741074.91711092
126,106525326.96371208,176247963.19655806
127,135264419.3803556,119712777.68963397
128,78099972.9614355,132158754.47619733
129,108809792.66774447,128388811.90990204
130,78099972.9614355,128488183.18209073
131,113608936.73385565,72749926.96450695
132,86787676.9919473,168886863.3583274
133,278373731.2423133,367791979.5893631
134,352082635.92459416,452018584.6928129
135,569111233.9583448,670416528.0701749
136,553715173.6753222,615581065.0781255
137,565051340.644998,586842355.5077745
138,597734661.1706372,612602229.0374551
139,618859991.2047284,661942872.2020525
140,627405367.4616516,660946214.9977195
141,615249864.6268218,611796986.0461539
142,649227730.2871228,626559402.370794
143,685748734.0564427,668724748.2408221
144,576538865.6388502,558718620.8723305
145,429420859.02949023,373283525.74282974
146,377593511.0442768,361735452.8837206
147,329226067.1222636,360458759.93270016
148,326755001.5370365,344285649.09686786
149,185869603.1599425,192071609.46841383
150,153103128.6929387,144488580.61812827
151,78099972.9614355,126328429.25164786
152,78099972.9614355,124636486.62971056
153,78099972.9614355,107695511.00365224
154,99311756.0236333,99313576.2621063
155,87886006.79655357,121776134.95295414
156,86787676.9919473,113928259.07017425
157,273692034.30614483,363865120.19446003
158,347989568.70731944,480883625.80327594
159,593738441.5957257,630588014.2233864
160,583558700.5576053,551774289.4558969
161,580985913.5595828,533226146.9600996
162,588977034.8082783,567991600.6434659
163,598597573.9491507,627946346.4456542
164,603667202.3157536,632164902.0401635
165,606820691.1606952,594278064.0252082
166,641863933.4503199,615323521.2362418
167,683363003.488089,657516832.2298715
168,569862764.7726417,549501569.8731856
169,426134231.7813614,372392478.1172648
170,373894613.3201715,359382138.7941129
171,320256039.2764334,352097799.63327307
172,320534903.98701423,339132776.765412
173,180534239.24122864,175757766.2611448
174,134244703.7555447,163556649.62614763
175,122543688.14079641,175739781.8574969
176,92789060.29896528,146927264.09928337
177,66606321.52290234,155173827.6499704
178,66606321.52290234,127488380.51653755
179,66606321.52290234,115101466.2444154
180,66606321.52290234,181897879.08517843
181,257936641.32077512,358720181.30218744
182,276275419.3839877,359273241.5844743
183,331366476.969681,421165285.33510673
184,364292051.2904061,397507289.40538454
185,369619946.5771465,383260185.58822215
186,376324511.9484819,392661873.38688624
187,320683359.21365637,360226007.9980333
188,319535636.33991784,353715252.82565033
189,314154488.55561,355252677.89675385
190,320959984.37894857,369695612.6792216
191,336186440.07109827,382493841.7723836
192,312855623.0249159,287488840.02361834
193,219823028.4251051,239787700.32730168
194,173777842.6017704,214348940.39481413
195,191564314.79957724,190773723.74127662
196,102719013.8154619,178229756.6030693
197,154475317.13306308,169265938.97845903
198,76923795.52290235,153814583.75160488
199,66606321.52290234,147708941.93245408
200,66606321.52290234,141311870.4119998
201,66606321.52290234,131611704.61774164
202,66606321.52290234,117157422.61255446
203,66606321.52290234,105115614.73932928
204,66606321.52290234,97168004.53967294
205,68754908.27317692,88228489.37938935
206,111452900.17814068,118943911.36885357
207,164133323.95709383,213036209.59402663
208,201101165.62981215,187824711.8899119
209,175598555.40505657,195745023.62465814
210,215951666.63432685,167385185.39490378
211,181151026.2283347,191864696.41144723
212,222972793.95893532,193613010.69805372
213,192065437.79561794,204857369.6373499
214,240341431.05067396,200642216.30146718
215,192296234.41409174,206818434.48316628
216,226528896.25274783,195873168.7135995
217,170515669.96120918,187846028.44235772
218,189007407.4789627,174595072.87968695
219,154302371.52343333,155722986.69764104
220,120313701.12963788,121603801.78575641
221,94788018.4141979,103846978.3264747
222,85564199.54889864,81808830.58972698
223,66606321.52290234,126198531.76274604
224,78099972.9614355,121567956.96500418
225,78099972.9614355,107587183.32004312
226,78099972.9614355,96643037.99373072
227,78099972.9614355,91499156.61164042
228,86787676.9919473,107125067.07269585
229,259874299.12102804,345204665.822985
230,327367840.7351549,435638408.365372
231,542164593.3884678,641686600.7013593
232,544995352.2293825,558501077.5542467
233,559509511.9831077,525054838.1118991
234,583741050.9057251,568709283.1840088
235,591675155.86859,631934994.269933
236,589996119.9229273,656147738.4643316
237,587119687.7855691,613957708.5541391
238,614917664.5155123,626290891.1272459
239,648420427.5781914,666409149.3619783
240,529270786.79765916,546242106.25724
241,379666278.03375316,368582188.03661764
242,315017926.0183504,363598992.4942606
243,294812672.72152233,351672710.0968267
244,297236874.37027717,335323242.3911615
245,109433179.34132703,173345043.46535337
246,161658001.5726661,157378657.65592915
247,78099972.9614355,149849666.0256292
248,104683046.0205739,152402537.9074268
249,78099972.9614355,137945328.2047232
250,78099972.9614355,128877086.18400517
251,78099972.9614355,123296696.52999103
252,86787676.9919473,138503077.633531
253,253318801.4972763,365150160.8265641
254,326427307.4173641,441268660.99092877
255,559263499.9756595,651239650.0966108
256,567338889.2780064,565804885.758418
257,579446058.0415889,541700848.8580682
258,598746615.1026627,580253908.2633207
259,610220459.3794782,635628073.7561846
260,604180805.9239565,637657440.4480795
261,595014960.3266175,594786305.9396608
262,620019358.0839403,615153784.6416972
263,653955485.1874856,658146948.1289799
264,545176826.8612993,544940983.7521025
265,396089718.1747333,365383592.2001984
266,340168171.5295521,356810564.2442887
267,302257428.9408028,353827044.0344375
268,303255218.4490242,337449369.1557878
269,179968145.38922438,190690429.52433413
270,142995265.5917371,156413793.6121211
271,78099972.9614355,146167012.00970468
272,104102942.19855283,160725506.97154468
273,78099972.9614355,148128087.95822588
274,78099972.9614355,123143119.751187
275,78099972.9614355,114031942.86462626
276,86787676.9919473,132318481.15248841
277,256480757.56608328,371185850.2513724
278,324832424.1124,442036882.6752025
279,558315903.6903814,653499547.964982
280,568468391.5673946,568240088.5866686
281,587061471.019644,539893143.7028944
282,611026774.0243974,580399692.0915341
283,620288958.1426888,647778901.923838
284,624051080.2719171,648294743.8164667
285,624959811.4126025,600601184.7990081
286,662359345.3525329,611248550.6737722
287,685009204.6202905,645470715.2223189
288,522564028.36850333,544840941.1646761
289,356546612.9706416,368518650.9920832
290,334593843.4086004,355754811.8221699
291,325180988.8060698,340830801.7787378
292,329424506.6302006,328336480.3270486
293,118472867.72485359,166658890.33677092
294,158905142.72271368,169481672.13656384
295,96207937.10812037,145114490.7293663
296,86853619.09740753,160544367.52724782
297,78099972.9614355,134706642.34321404
298,78099972.9614355,120819104.47533369
299,117100791.92740412,69646940.28167185
300,104845178.50596413,226905542.11363885
301,257697468.2659511,381201081.62729406
302,345190709.0743094,438543173.85572535
303,564475908.0155421,659392930.9657385
304,550669846.7720104,612716389.229069
305,565533037.3618429,579487470.5874403
306,601500221.2257736,596852724.4338999
307,630197877.416911,654005033.1003039
308,644546767.951519,653646712.8330815
309,637676842.7602619,605000471.4842361
310,663815940.2980319,611962507.8128173
311,696977375.1966724,653136730.238683
312,558925956.4950538,547702722.142481
313,385976253.8763995,362889282.2980404
314,336757444.1010832,356902698.9985388
315,326441195.0815505,344090196.0838417
316,328295601.66381896,334188566.3225935
317,122855977.22866818,172333814.17811587
318,170192656.87512556,166904298.37491626
319,115336606.16690572,135300107.8671193
320,78099972.9614355,111284662.61598259
321,88038277.66719915,117355109.1997745
322,96501709.49923988,147981427.54720888
323,78099972.9614355,119902736.46619016
324,86787676.9919473,132660433.14581469
325,265363545.914345,359037198.3684692
326,348630269.4347079,471775096.58674085
327,595504918.7458681,637135217.7430886
328,593045941.7336465,557585988.0561831
329,600216250.8784813,541051724.280115
330,619370754.2314571,591052091.872277
331,631677337.8253442,650387817.7480526
332,635938085.0476085,653658847.2317183
333,624316039.6665634,610125512.7000792
334,649223461.7784934,610367648.4444213
335,693052002.5683545,660251959.2297118
336,584931349.405066,559202175.931241
337,431542739.94118786,375190293.1262084
338,373534194.108879,361900787.3402029
339,322047952.6174769,352520430.0872193
340,321134004.199786,334663586.80688727
341,168199132.6480033,175917310.80399343
342,137728346.98458537,172295352.00578475
343,96157450.44974595,144839924.04193357
344,66606321.52290234,128866487.32435897
345,94134334.43335192,143521653.14356905
346,66606321.52290234,129210566.49293366
347,66606321.52290234,108457592.72228587
348,66606321.52290234,152872670.35155952
349,263560832.90439218,349693924.5439069
350,279008533.4642426,344910575.34942794
351,341108907.70489794,401640146.8995241
352,369582975.3290285,380711308.5614729
353,373734400.2926559,367255966.8969319
354,381604021.31323785,370256076.5300169
355,324610598.74688673,331098327.1023013
356,320416480.0358665,331177630.21802837
357,322032027.3042605,335131133.76431406
358,322729109.208241,344913779.9005636
359,334379877.6005592,358592294.58928216
360,316913625.18218565,263110129.3311767
361,239834699.1809279,231675545.19404042
362,182160533.8880115,207425452.45389366
363,203657323.0717025,187023917.77934176
364,103454449.85845879,162064319.96692276
365,144918624.64883277,127225959.16569597
366,76923795.52290235,107701959.17001647
367,66606321.52290234,114867821.29899883
368,66606321.52290234,103185103.64352354
369,66606321.52290234,93056592.55313548
370,66606321.52290234,82979289.96601081
371,66606321.52290234,73931075.08081177
372,66606321.52290234,66135612.7940245
373,68754908.27317692,59039522.31578079
374,54175844.27317692,142810428.80101296
375,207299789.28595638,158013010.8598392
376,176097864.57164153,182952578.88116303
377,215068910.93684554,150155218.13203064
378,177033557.62696287,182577656.91736656
379,205806351.83215556,172435271.75157684
380,175186410.83075035,183089258.69519684
381,221164457.888244,171904806.54355586
382,182308065.35582373,188828013.2465998
383,228051730.99621895,185575517.92794093
384,190116403.11012208,199130432.03641737
385,219355764.817233,185489206.703303
386,162474533.07776052,189134120.6637437
387,181112713.50555012,166777053.60358566
388,102571270.08299099,145905908.4375216
389,154890348.08783883,135387047.84901375
390,76923795.52290235,114193676.76606694
391,66606321.52290234,113826500.76803955
392,78099972.9614355,108546933.40079525
393,78099972.9614355,96203599.64441329
394,78099972.9614355,85090006.81903598
395,78099972.9614355,73966926.0596599
396,86787676.9919473,84774637.35932946
397,266257615.03969225,330686530.92739207
398,332494456.10821337,423200449.29028815
399,548702796.7701159,642739810.127107
400,534503454.2960647,611987285.8613241
401,557360616.6534662,568834464.9080294
402,580253346.1640563,600310174.9580832
403,598263674.113676,655012319.3959484
404,602689848.3021654,673121909.9696505
405,605894759.4430189,626812324.3689711
406,642685431.2534956,633086683.1091703
407,670528719.0730039,669993664.4741316
408,548675667.1344631,552252035.1864309
409,393725745.30366135,368412908.9792023
410,339662974.2727894,358679706.3371101
411,310279578.1729563,359039045.2870323
412,314931378.20138335,345665760.3692945
413,120113237.23738523,179338711.6918147
414,152952955.3495861,177044900.28347895
415,78099972.9614355,133865702.047367
416,78099972.9614355,114042368.03765246
417,107075868.79179195,143057226.17360556
418,78099972.9614355,103324828.84429047
419,78099972.9614355,72059846.33840996
420,86787676.9919473,88927812.38351676
421,268156588.12084612,337240578.36197644
422,334263830.0606664,422949474.2102162
423,550544568.305264,652807589.8676195
424,550266961.5875113,598377466.8952723
425,563890821.8080163,565869948.5997555
426,595957401.5114268,585169639.2863382
427,607765621.0635134,640949311.58794
428,610826533.5598713,650212827.9327414
429,615215961.6513052,606614509.6177509
430,646930690.0370122,620221697.1199956
431,679694491.4046596,662938712.8368509
432,543746772.1531205,552156340.8605831
433,381114597.31956863,361859067.2956226
434,330165690.9692389,356231217.4640237
435,314570623.7346718,353503394.690996
436,317433257.277799,339324312.9348105
437,169813204.6591348,190861676.24447608
438,133386832.24098586,167787996.7026776
439,139456788.93672392,161599156.89153194
440,78099972.9614355,131484300.55566627
441,78099972.9614355,107153821.04340842
442,78099972.9614355,94160113.14302328
443,136065435.10454395,151033007.1863757
444,86787676.9919473,140729080.015156
445,261782006.6207835,346229890.16399616
446,336144863.99759054,419944839.23717225
447,556451848.3410205,659065802.0274904
448,553686340.8216219,599943980.9907777
449,577516340.7834901,565171297.8937753
450,611658735.1565875,588625218.6826668
451,630833776.9014094,644450833.9637654
452,628956575.272206,642862109.4398534
453,601958652.0968114,597946878.5932541
454,602296860.5741224,603011256.892564
455,603977804.1274287,631181911.8149669
456,473826948.58688253,517553621.2480457
457,330808872.2363445,358947846.118894
458,311946926.3485792,356299034.68469787
459,306704600.94598335,343725436.4760884
460,313991482.8016224,332847761.18322396
461,105093155.9693533,167919058.50346786
462,153668158.52790427,189310394.1560254
463,107987784.57582034,114171894.2540743
464,78099972.9614355,108277258.28349397
465,78099972.9614355,98703394.92104372
466,107307102.30777036,124655244.20035827
467,108284117.44747762,127663406.94494861
468,86787676.9919473,122443420.59536716
469,266385440.09490138,350349490.30273944
470,347545964.3199223,420363738.8845078
471,554463836.9430639,627044344.5129715
472,526683930.91498876,594478546.5632727
473,523780068.83505243,592515319.8177838
474,548289559.7772073,614931409.4615886
475,578624136.5561811,644123528.267636
476,595617749.9007126,651914315.7421329
477,586785642.3097072,614547938.8667762
478,588632361.3065472,616516947.175488
479,602600862.3030099,645225508.2196848
480,484047754.71795976,518793325.2547753
481,347397254.94939,358196264.8788115
482,329666358.36477816,349632057.48157674
483,320286101.86451966,338253192.1477874
484,328544923.2411864,319419570.42432886
485,105093155.9693533,161105523.34109402
486,164955841.4656978,174653191.46916234
487,97677510.89029364,114766252.17480573
488,78099972.9614355,121836547.27836049
489,146895228.35561353,192125549.13792208
490,98667054.93228666,95476999.77012268
491,78099972.9614355,108229903.77671659
492,117611932.96133259,197459502.78610265
493,269549930.8794783,398231288.21492684
494,358477783.19243497,452288905.5407014
495,570044572.0132649,662428196.7882087
496,549476850.5975873,626655180.6827371
497,565114607.0653205,600185741.2240233
498,588354847.4579583,632317389.5536144
499,616103566.1995447,676926560.2436795
500,626150525.0093391,678054591.1972526
501,618567450.1912559,628362440.7833889
502,637516147.782918,632031762.4878775
503,655531509.2520287,667570892.2782794
504,537152042.9615582,548722598.2101821
505,369241664.34653854,362860087.64554715
506,336861688.9061572,363557981.70762
507,323149260.27510047,352198065.1380855
508,325420805.4218699,337582057.08685786
509,120421294.0363075,174446577.88896197
510,154107790.0040105,178010121.01700425
511,159657095.39883623,152926847.5707211
512,66606321.52290234,148736573.83705854
513,66606321.52290234,111687369.9837682
514,87535672.92521885,101073693.74130896
515,116452712.54000452,98887540.26022771
516,87276991.32068431,216627848.45319277
517,266599805.32624355,355876463.40111667
518,300245547.02665997,311604358.90684736
519,345768686.6452337,391520747.3839717
520,359279024.94703823,408687891.2130985
521,360695970.26661557,419538991.8221009
522,375993270.8264399,412295745.4038936
523,336276575.0183286,346445326.1714776
524,333511440.68562895,344496378.7859591
525,331250034.80476516,349911968.06981826
526,328415514.2849312,358489052.23187166
527,344963922.3363083,372660799.5116606
528,321592339.74672365,278642766.8181192
529,226010333.17405608,238678144.91600886
530,178203227.75724214,212001759.29360348
531,203943746.82203206,184935109.89615554
532,103697682.75807282,158124025.90263617
533,155831630.4814507,145094613.73933402
534,76923795.52290235,128774080.224033
535,66606321.52290234,117922074.79915905
536,66606321.52290234,102383785.32427779
537,66606321.52290234,90133036.23438603
538,66606321.52290234,79036683.35599908
539,66606321.52290234,70614514.72040635
540,66606321.52290234,64254428.41195315
541,131467911.75080498,63044597.26656249
542,177365206.72569194,151653271.8845427
543,168203163.26262954,208400983.57680845
544,198218858.9209983,212034555.43591744
545,183999635.49283832,192856769.81726524
546,214419373.7479926,189392023.51015365
547,190682481.4780528,187257864.6040523
548,220916485.64330098,195163123.06410003
549,208078813.6557923,196073843.8305943
550,246694681.65967005,214992448.2432813
551,231299371.39213303,216153788.7969199
552,252239472.91750887,217556674.2010559
553,217250529.81079307,202929439.3341701
554,213743562.41147736,198364196.66082993
555,179108288.2701668,184698693.7905383
556,177410907.14416483,158764031.39722604
557,112197626.61759712,153301560.02565295
558,131386455.75962433,138933163.63426435
559,66606321.52290234,152107323.97721997
560,78099972.9614355,122313052.52573156
561,78099972.9614355,105711687.71518704
562,108590942.47543064,66900774.54902074
563,78099972.9614355,90455747.96644104
564,86787676.9919473,172848723.9204278
565,268889754.33452797,349775322.6207089
566,342152508.4925759,454175911.4565658
567,564943366.7513827,658911760.9508088
568,562812150.2018578,578819675.2706008
569,577318882.038415,544961521.5843666
570,598957179.9937079,576175194.5272596
571,612746752.1186222,641033804.1481966
572,615805352.3279421,665872099.613239
573,615886769.912362,625465666.8369474
574,651384458.2664505,638273031.3200836
575,684706015.6695651,678321331.2636834
576,564111481.9895458,560605158.010291
577,408494593.90689856,373642792.9522368
578,354127411.8634892,360295187.8664375
579,324190551.76102316,358803494.1350491
580,322963477.3595864,343219242.9361176
581,137985751.49400905,183216040.34449872
582,160909482.79452237,170464190.1522025
583,86918383.29529114,169647306.50701207
584,78099972.9614355,137246119.0536842
585,106339285.94173738,155241120.38509968
586,78099972.9614355,129267420.63006783
587,78099972.9614355,83731944.76536828
588,86787676.9919473,98082008.22864637
589,268901863.3134299,337439110.4535774
590,333310874.57108456,409712013.8274652
591,553683815.8648747,658143284.9798739
592,558430850.1426165,587990497.383018
593,579335993.0335053,552590793.5726501
594,610689830.1192051,587585840.0553784
595,628626940.0991069,654961088.4665275
596,634084346.0914816,663405097.2021973
597,636318178.1497066,616115967.4298002
598,667057019.3259081,618997066.344874
599,692507117.3000771,661401105.1650103
600,556298689.5448664,555950023.1934371
601,394222418.8302263,365244151.1312799
602,345536421.86808544,356730399.51700056
603,326907283.27587175,354292842.33870727
604,326908055.01242125,341197457.6587697
605,182058521.27159876,190090817.37062
606,142827700.16817644,163180840.7191919
607,105898880.03383654,168480395.61329922
608,96857485.85445765,134946995.44291082
609,87138402.39564808,152275883.2554256
610,107056606.28149097,169138129.25339425
611,89258494.70448677,106787204.85775778
612,106792516.33059111,139772747.04099202
613,265962444.866993,346876378.0368348
614,339637548.38142186,434654944.1776524
615,566099628.3471824,664422315.6125858
616,566389465.579239,584716461.8929245
617,581924758.6680211,554846995.46721
618,613981754.0498224,587984867.3987758
619,634332883.4300615,647936748.478471
620,638249408.7152187,653566564.3174412
621,625804808.2876953,613638031.6553066
622,655662183.6364425,626339280.8848093
623,677804909.1884766,671288808.3786734
624,559521363.0912176,567341597.5371878
625,404535596.6339267,381989570.79295796
626,352822572.42061585,366436731.0454396
627,320059351.0197992,360490484.00191194
628,321405289.90122676,341793433.19940466
629,174012118.6821796,185370629.7527817
630,97239471.52577063,159552956.30345002
631,153907903.42015538,170478129.0590747
632,78099972.9614355,141269760.12557867
633,78099972.9614355,114045525.49635819
634,78099972.9614355,104632617.7205579
635,134165084.37326495,162405066.783812
636,86787676.9919473,140481620.93967634
637,264387387.03677008,353996901.78742146
638,334565635.86804867,439500047.5403091
639,563057247.6549814,661477396.9073434
640,561963322.0887538,581300745.8359764
641,570136430.8418298,561682466.1984435
642,585632357.7618548,615919135.3204021
643,604939279.3746256,669161776.5534091
644,619025193.456978,666407170.9923245
645,608865141.2546135,615827671.5217497
646,606849861.4941628,615919599.1940713
647,617399155.076878,649248340.0973314
648,504706656.8779237,536665193.465755
649,369486093.19912827,361356264.1164786
650,342834619.2866988,360619809.82627547
651,327039379.65610194,349959836.4635764
652,328060059.63283443,335403361.4240818
653,114638279.11929227,170103349.4771635
654,170928856.35156605,170877520.6685219
655,97145963.68608151,137734888.2428378
656,87249036.39203636,149139187.66096348
657,107334879.85845686,153435483.64101368
658,78099972.9614355,121993206.05205995
659,110111119.9755035,48382544.73014569
660,128821533.06206909,215316698.58416653
661,266171983.5124648,388467893.3101319
662,348101327.6468949,435229124.5629571
663,569173860.9441817,672228427.8196478
664,570654215.1983397,599255974.2931049
665,587056392.8774365,570147759.4369144
666,620484474.7744514,605977487.3221862
667,637338409.4417646,664868341.2011433
668,646651658.0459422,664737794.7536526
669,640725408.0284142,616729558.8667852
670,666192026.0058846,623960344.3111134
671,697578247.3868438,668470847.4732113
672,575599364.4749693,566748595.9912262
673,428177349.01753956,383170251.81274927
674,373777479.92193377,364542260.6311027
675,338427760.4909412,362906662.6719531
676,338375404.2393923,347414870.6164295
677,171777055.01203698,191199178.66302568
678,189460590.7553981,178777490.74744922
679,150249390.163919,168914556.90660846
680,84589094.32546784,159703335.2764089
681,66606321.52290234,122886163.23812827
682,66606321.52290234,99632632.40962142
683,66606321.52290234,82667363.7977153
684,66606321.52290234,149464341.26753843
685,273965222.6353941,332970255.2713316
686,291415097.93665373,318701175.93780327
687,341863189.3127015,418388178.98614335
688,374522497.64354885,394010883.5338113
689,381073568.11467445,378505007.08491415
690,390963464.7191353,384153726.38103735
691,335167269.5905567,350588713.0099041
692,330027919.83684987,346701138.0819713
693,332092350.27320516,351099982.0771028
694,337634599.2648372,363862976.40775335
695,352305331.12104076,377708459.6386153
696,336633666.8722596,281913603.78189635
697,248577211.42840618,240599363.39094514
698,194530080.85870546,215335974.30631927
699,211370274.32931748,188045864.7974503
700,167259474.71630737,169876141.41890514
701,134631183.3320809,148123000.37251654
702,93677710.02663927,169858440.17350876
703,93717573.13826528,105306035.0635697
704,66606321.52290234,114999671.72197953
705,66606321.52290234,111581778.213878
706,66606321.52290234,97014426.19846654
707,66606321.52290234,84554435.36509427
708,66606321.52290234,74964176.48551151
709,73614596.27317692,60767901.03266531
710,196758122.69183454,149962333.13143155
711,167910914.32904917,205913976.29417902
712,210568069.38450763,172080105.0458092
713,186363956.1510068,180724488.3198874
714,233342808.9538709,151183432.71898368
715,198074164.42659688,184471384.5028447
716,249358476.84429815,193988048.12819892
717,210093725.62767956,208059549.53469697
718,265457975.3546389,203619028.89742935
719,218389191.75222,218775179.92126107
720,264045294.93176678,209333097.28796434
721,190024920.6158188,196512245.41288987
722,210492218.17343447,185936018.786122
723,181259012.2515362,186398725.65143505
724,192773398.23279914,158681829.7288004
725,178131882.18035772,150764786.62786597
726,98392217.5274568,141790952.21848127
727,118177900.86706455,171063539.9146092
728,152153376.0271812,179107025.0215186
729,78099972.9614355,164475141.05576557
730,105769166.38422754,92561983.74532607
731,78099972.9614355,110654581.17553356
732,86787676.9919473,191737883.1009028
733,257475528.33943373,352574032.1295816
734,335621957.5725125,447080278.92717826
735,560276752.3959819,648811751.373214
736,569348343.4176985,564374170.0646253
737,592662088.3161182,531898219.05906665
738,618760476.1861619,578411489.8367877
739,641272122.8458292,640852970.2186811
740,652051258.1786731,661331490.417089
741,637457076.9145085,621188274.1337919
742,673041881.0917684,633888946.0009446
743,701606829.656194,672671392.3090754
744,572517165.2097254,563380462.2597108
745,431692851.458042,380462696.04202735
746,381139282.2532404,362028823.540886
747,343164333.70375526,360513879.49183863
748,338161897.4177865,348679948.7337444
749,171539336.52537474,194536779.57610315
750,186753835.5971461,182900572.6989399
751,151506290.6896308,174825918.42686486
752,96038106.80093476,171083160.2279464
753,134265776.85624555,129499613.61273855
754,78099972.9614355,138477458.87265855
755,78099972.9614355,95000308.03293857
756,86787676.9919473,168394690.86851573
757,267932547.58316964,347454989.7331505
758,343741795.91032755,448559828.8287376
759,575940984.927413,649372077.8493836
760,570080049.7864132,576110980.4889444
761,581312304.4455041,547582708.015768
762,610455638.45643,586179498.7512962
763,631007330.1822065,648492065.958858
764,639494355.9244467,660528326.5433309
765,640078205.7226633,619803739.6382954
766,674863226.0261344,633886732.5832567
767,707566518.2331372,679002274.9393059
768,577529272.8163981,574270492.5512872
769,425024683.31712985,387087219.655758
770,371948377.7307766,367767537.2034585
771,329565861.3642242,359297877.5689645
772,321912172.2574362,344767698.9243464
773,180304597.70903462,192492606.9908976
774,167435709.0034685,181051088.63310093
775,158296590.14212525,179849961.5291113
776,95941007.27329679,155053658.82439497
777,86759131.70152557,160932770.16580993
778,78099972.9614355,127290859.0490686
779,78099972.9614355,108891719.52459174
780,114863517.74626982,226978377.58666492
781,262586229.97860727,355112014.61710465
782,340981681.2281277,432349699.49700284
783,564403356.7725791,662933778.7289495
784,570259606.1154574,579052771.3624442
785,595361958.9931309,545733317.7993186
786,625593534.4398623,587713911.3442773
787,641095748.4314717,653376900.4465923
788,653561364.2119579,658349196.6280065
789,654504316.4981855,613777793.035402
790,682251724.420092,619893656.0294155
791,712535131.4026579,663955106.8802917
792,576627425.8569404,567218810.965776
793,412025149.4158935,376368656.09536904
794,348349322.949915,359047291.34309113
795,331691407.5366494,355665645.52846366
796,325473895.0818205,341084821.3776922
797,182679299.5772078,192555136.72291112
798,181232184.41675445,179724961.83841237
799,133558593.9352058,173224064.85768604
800,112832078.22885697,172735646.77222225
801,104547265.38788377,150878129.16800472
802,78099972.9614355,153071570.96584228
803,78099972.9614355,121491317.18643644
804,114636014.90816654,230641650.97327787
805,260871086.90981743,360631698.5348307
806,341228735.2778634,451492809.11586773
807,570763871.1154767,660810134.5780832
808,565900149.5851195,590758291.0421165
809,594970519.024904,546440872.0492345
810,628123643.2996825,582482423.7200452
811,641109889.7280594,649894664.5320976
812,648572020.0166883,653802550.3374237
813,644006566.2536253,612686565.0869269
814,682002846.2761185,622567953.3072419
815,713345963.0366261,666845284.3010157
816,589727131.9660515,570005543.0074235
817,440497938.7975298,383684821.2475741
818,376451016.17991155,361298366.91619825
819,340584000.3568473,357897719.82332265
820,332398594.98224574,344022850.334464
821,182315605.6245927,193834871.94420958
822,207111310.40743828,178927991.33529702
823,105190283.61832722,180941750.35335845
824,155088918.55298385,186188651.75113037
825,115696767.6819438,141481216.02374083
826,96284864.7532625,132457679.08732405
827,106092993.46518977,169926527.2786635
828,96675513.98868056,204517199.16632062
829,261316020.23758188,379291919.2732032
830,343872654.8578424,470997489.0852808
831,578572393.0871708,656460421.07986
832,585500174.1603602,562618041.6669377
833,601426113.463264,539116649.0651283
834,630316617.664228,580259806.1300427
835,644914194.8233556,642545185.6780716
836,655561300.4094256,649287201.290249
837,652302114.0461762,608853477.3810844
838,691194334.842527,622424831.6921344
839,726155794.9947884,670583690.2395499
840,600748669.1287438,580299152.3016225
841,445185358.0201454,396000310.0316129
842,382376690.16365844,371121439.11682004
843,340076986.84896535,363220653.4146642
844,330627844.37221193,345731263.76833963
845,182280282.61528483,193721453.45999897
846,206823290.20139468,179434788.68831223
847,105111265.6872438,181601501.23559177
848,143434954.90160468,167106257.24559742
849,75942126.68676902,144344341.1882846
850,84473051.27635083,157812459.65537918
851,120161067.80074616,124597210.7362943
852,66606321.52290234,189624528.8403772
853,261965632.33948845,348085012.63794035
854,287689774.4848498,309476233.02478665
855,334774743.21563923,395105718.28032374
856,349476899.87417746,418731441.2234239
857,353076584.93434983,411389214.0925804
858,376916399.9741562,403927673.68362826
859,343634180.51532567,345649016.5872227
860,343302711.25253713,346556240.142229
861,342775575.49631965,352170972.1167641
862,344048908.7290611,360947317.1665923
863,345619787.0131482,369286136.28745306
864,308537378.501016,262753123.63256353
865,209989041.5297516,221541466.64886087
866,166155400.83756655,197676288.92254937
867,196790241.37992013,171867936.91935465
868,140458469.43902567,142461541.60617912
869,120201432.57362324,169691066.21934268
870,76923795.52290235,113104990.42103374
871,66606321.52290234,113058459.83307931
872,66606321.52290234,99256182.19753575
873,66606321.52290234,88375532.06120437
874,66606321.52290234,78432084.09981537
875,66606321.52290234,69571045.66757536
876,66606321.52290234,62622879.46668109
877,104559488.6247557,55648516.605546385
878,196134703.6479891,178281893.36596876
879,172705507.62355193,201180475.98753935
880,200833470.5370857,190520559.9183465
881,174489404.64068553,197091116.90940702
882,209978256.7758499,177880291.8162977
883,204729144.90907994,177699441.95908058
884,237057182.9990156,198464076.1556644
885,219225692.6149905,193935695.69222915
886,254237487.85289285,214650283.34667474
887,226682503.93705794,212648991.15162626
888,237264982.09010798,210952271.6791749
889,186622160.87840652,186020893.39167163
890,190384935.48323354,187597424.16654503
891,159735293.4553785,179945356.71247503
892,177818182.9667398,144104659.45010242
893,103185211.8001201,141847776.41865027
894,155050795.69973558,127676074.45855165
895,66606321.52290234,154803513.401134
896,78099972.9614355,133218694.08190593
897,78099972.9614355,123154333.68091601
898,78099972.9614355,113304917.19123128
899,78099972.9614355,101318949.2288706
900,86787676.9919473,174201856.9291473
901,261319066.00470683,350519992.1330786
902,340967481.56808966,457221931.00302565
903,573824564.8733721,649620202.1449199
904,575229190.7958361,569112219.543356
905,593930429.6437511,536820502.81647086
906,623090899.7333239,574334684.5975246
907,637984110.4990612,636381077.7775867
908,645386027.8993144,653323690.8624914
909,637619439.8722669,610637568.5370903
910,654650909.538563,618800535.5098529
911,696017251.0029459,662392662.2498803
912,558344476.9094996,556160702.2128785
913,418141298.7196415,377311270.28187144
914,362790792.13332325,362739299.88607866
915,345912972.2609183,359063049.34064925
916,337251007.0216749,345134951.67930937
917,169628454.0128686,188247484.56496415
918,186913291.7748653,177043125.17935726
919,150928344.36564863,170543060.1103049
920,125358303.64496654,164758408.465203
921,114212865.58349429,140753208.43574184
922,86895980.82172826,161018292.77065152
923,78099972.9614355,129467101.20994455
924,144106428.4218684,208376067.18496
925,259479331.84618083,348309719.3948152
926,342011531.14131606,432546706.59232527
927,563205778.1185594,651177397.0649884
928,559151062.510739,601527917.9013567
929,575970363.9655609,569102175.4968688
930,608707219.7704068,605806143.7003677
931,630902611.1572181,659715878.1742847
932,646222052.8640647,668181658.2638147
933,647058331.1614612,624390775.3690426
934,675376500.7714152,633332496.231215
935,700990219.3520705,673320810.3978857
936,580036772.7634736,570769494.4972888
937,414914528.00777364,380404679.9064262
938,363859453.8984203,363536493.7285754
939,333153504.2009708,357675446.84756774
940,329623895.2804028,344066928.606722
941,189373140.38352668,194415788.99954724
942,166391700.77533105,179586765.47538215
943,107130266.3297429,164255486.43498048
944,133332088.75476007,172784307.84269148
945,78099972.9614355,130866045.9468185
946,78099972.9614355,109744743.40438083
947,78099972.9614355,97623656.68334118
948,116130530.37588236,209184517.09048897
949,267899368.01049143,356529921.33774143
950,343800537.3747056,434590662.6377897
951,566573690.2198628,664458959.8140891
952,564593799.5482191,590521593.2589607
953,583271064.5629989,563376525.6674421
954,616584810.6200353,596103283.5921941
955,637142870.1942153,644162407.8201995
956,648870778.9476856,645317978.6285133
957,648025421.8256553,594938908.6515577
958,666186981.5432663,607573130.7107074
959,692073939.2053192,654861714.7411953
960,558899232.1812459,561353733.4587941
961,411941552.894866,384864938.12834257
962,353410513.9543636,367125632.69513714
963,330110229.3798453,362640047.6362619
964,324934892.3888022,347095607.643609
965,178234665.08435842,197568189.81667972
966,184068802.41975844,175378690.67692244
967,150995149.21879473,169567796.81859264
968,95809990.61975582,186114745.09326968
969,106281088.64037715,98596365.0451493
970,78099972.9614355,104485219.8690499
971,78099972.9614355,104861916.95811793
972,131022955.91611649,231537148.2831396
973,260802691.16311377,378502280.06719816
974,339437048.9796425,449699887.07717514
975,570477698.021027,656581658.4905442
976,577147938.0767423,571975548.5362761
977,591680934.166247,547457166.6159502
978,621557180.5375746,589281577.869818
979,637248941.6110922,653758159.0008507
980,645711572.6884177,661781926.3643262
981,644817346.6077199,613021699.4460796
982,666258834.3183427,616963756.5020491
983,694319709.4692626,664622435.3760968
984,568158340.0237763,567109722.3218787
985,411000030.8274632,381563678.1870125
986,351037410.6054188,363979184.2412865
987,336133912.5465578,360197056.4308293
988,331131118.75730777,345398732.35327905
989,178582289.76693466,194322295.7036352
990,197223881.07928637,177045185.20259023
991,145122317.59904706,193411259.03744453
992,128971740.90973563,150972197.6512536
993,103320449.859687,171854548.181804
994,78099972.9614355,137923684.01911187
995,78099972.9614355,113649874.93847853
996,86787676.9919473,160574902.94919756
997,271835957.90057755,349537455.6586937
998,335535593.27622986,422758442.56318474
999,554528649.8471857,662795513.8010209
1000,552705258.1511761,609192590.5647433
1001,582463787.4246674,563918866.174142
1002,617131859.5468284,597550194.9313915
1003,639627800.9277043,653415510.0409474
1004,651760589.1415561,661489116.1673248
1005,648851710.1697625,620205061.0975041
1006,672400571.2983006,630190710.2346797
1007,710630610.8443644,668515038.8796122
1008,569493307.3211637,570460133.8626025
1009,403942969.2898885,379133295.765477
1010,349368913.74961245,360807320.28041667
1011,336394073.3284366,359212796.44330525
1012,334306892.9807791,345906254.45103514
1013,179236881.48307666,191379956.67817461
1014,208584662.62529638,175652033.20333558
1015,105509880.72817571,178119587.29286546
1016,149976251.519472,166708822.9264928
1017,76187521.75953208,138481007.93937927
1018,84792735.92140919,152752765.2538036
1019,86931780.23207688,102599513.48602206
1020,76266747.90178779,159106283.43526554
1021,271377364.9057653,344922937.42243034
1022,295736481.3671864,309987156.9601504
1023,344383995.7813636,394412897.117452
1024,361327197.4361608,436710634.25580096
1025,375105118.5645186,419729762.15946084
1026,410289184.08861345,387510917.66245717
1027,362007707.2121833,357280592.781844
1028,357841483.92482424,361024589.6658148
1029,353464759.50818646,363276504.12763363
1030,358929427.5986788,371201696.08286786
1031,371091204.0904544,382201765.61929876
1032,344305580.5099399,276627672.1325917
1033,237484540.0793517,233473830.4485224
1034,180596741.82947952,206733946.08939108
1035,221285281.81672972,192458905.56051055
1036,180853051.11223653,178356871.39049405
1037,156804453.19569358,173364523.12848628
1038,149676429.38837683,159344231.41902983
1039,91962538.20411593,140864846.44189948
1040,66606321.52290234,114638703.23222464
1041,66606321.52290234,98540517.82602221
1042,66606321.52290234,82182432.5141637
1043,66606321.52290234,68348248.01426575
1044,66606321.52290234,57497773.183998615
1045,78474284.27317692,40094814.73387009
1046,176751413.0729212,129938163.88050774
1047,184966926.46579668,200003231.3241285
1048,183948111.88059723,211379636.74469024
1049,202625078.81008372,195478112.0725703
1050,212159618.31849828,184198548.46634713
1051,225926477.49652758,202850261.5937745
1052,230280740.15252653,208766041.29037917
1053,232879016.3680458,215882250.60643053
1054,245945246.39272755,212170878.46060055
1055,253125046.12214494,237379655.00150713
1056,244731257.20514226,225966441.39005166
1057,221618076.8847805,216971444.4176414
1058,193388699.04651216,206773896.22539765
1059,201771407.98309842,203909527.21568733
1060,176362286.45268202,181880260.75423288
1061,181027679.8089911,174717617.80035323
1062,131086342.23558536,161398272.0173251
1063,109661133.15652822,177905841.04257402
1064,144105862.98359773,179770330.1784365
1065,96739812.40077737,143529297.20571363
1066,87128374.43944073,102530277.8963857
1067,78099972.9614355,118471754.83318752
1068,86787676.9919473,190324656.07975757
1069,265879568.78538334,361659183.5498648
1070,344338408.90936977,449485095.28494126
1071,565588166.1677588,653524382.526746
1072,576610957.668696,567546439.730335
1073,606316040.3073701,533150285.8035674
1074,643576152.8885329,573408678.9630731
1075,660389694.7560289,640349657.7689669
1076,673258481.5441158,663308707.2100899
1077,676249700.9885031,621876743.1222478
1078,711007853.8059105,628796902.0395056
1079,733387307.8738822,664287623.6512666
1080,582378666.0290678,568560289.9356514
1081,409235732.6731217,379002256.4523303
1082,351192721.169686,363513929.70007074
1083,334197987.3203491,357489166.7659152
1084,327145047.53172106,343529880.5135583
1085,188915614.99313056,193926468.2565161
1086,157628797.93059936,170166533.25119877
1087,95990689.96661301,161789870.38746125
1088,153220757.07452634,176296759.91247556
1089,78099972.9614355,140603129.67330927
1090,78099972.9614355,112197145.24355832
1091,78099972.9614355,97426383.35000154
1092,86787676.9919473,107351415.37343153
1093,277404385.9052038,342850431.72772455
1094,350890601.53756326,413124760.2661084
1095,546354989.9519252,593873022.6861897
1096,517052086.23680794,560526804.238025
1097,514747925.3064901,564651657.301967
1098,531127427.101698,602325830.230322
1099,566990424.6925052,633579324.4363263
1100,577806955.8350766,642333036.4857595
1101,530590989.9071677,599013349.891226
1102,520832967.73885775,599099911.7226186
1103,536572278.8078163,635053789.0086882
1104,434724529.52606726,504563018.57693005
1105,324917890.3007458,359850967.9290499
1106,327081807.2598295,343309768.236727
1107,345206971.13948894,332118318.04620826
1108,357026473.00135994,332790835.1538891
1109,105093155.9693533,162479812.57238343
1110,97239471.52577063,120168151.7255368
1111,78099972.9614355,111261952.42158014
1112,78099972.9614355,109705124.2964671
1113,78099972.9614355,107934958.10556501
1114,78099972.9614355,101265062.4190928
1115,78099972.9614355,90820120.8936511
1116,119429683.99320425,213164913.77634534
1117,295805121.63958657,354051378.90663016
1118,367416309.2608944,425041437.80713296
1119,569867291.1832824,635357982.1625538
1120,544579747.4542162,613164437.9390166
1121,549520582.3790478,605906967.2333649
1122,583536203.5489904,638314392.2929629
1123,608508125.8280103,681858308.7637118
1124,618856920.510755,689301237.1520478
1125,608171782.9202601,641126968.3139193
1126,609209427.7262622,637968761.6096566
1127,641710060.0023917,673720802.6249913
1128,517205950.2622005,551895519.9887843
1129,351721344.3036736,373713788.9055613
1130,325061560.7761891,368649488.4327153
1131,322795510.9180584,355685859.1287528
1132,325602250.8133114,346441871.5087547
1133,134337867.87024415,182274399.64053565
1134,153387610.05645978,176372824.82533598
1135,163591801.31523144,181277576.3832434
1136,78099972.9614355,136523086.63556948
1137,165506865.10033208,168861561.08251366
1138,78099972.9614355,118414427.54517052
1139,136210111.82371214,157673279.79755488
1140,118653825.26971023,194035732.26503506
1141,272722780.3478993,359576803.6255819
1142,353749841.2345198,435539112.82662255
1143,564490291.519687,632643736.1007462
1144,539102122.8303038,619148303.3814228
1145,555480510.6765008,597942529.5749276
1146,587535303.1792519,618579059.7418618
1147,607733397.8583428,671446925.7047491
1148,624796120.856709,684005300.0677588
1149,626641025.9606311,638777856.176096
1150,639825044.49786,642462381.0754344
1151,655766653.1590544,673102992.9520893
1152,505879003.28047454,547252827.1253747
1153,348248085.6085817,368357375.4226665
1154,320476668.2882015,364684831.74621326
1155,321564561.3090442,348848934.46289754
1156,317289112.30080825,332667604.17951095
1157,105093155.9693533,167458880.84958246
1158,172758958.94401112,174733467.72647882
1159,78099972.9614355,129520202.61142838
1160,78099972.9614355,116842962.09498551
1161,106485563.92357337,147842923.68922716
1162,78099972.9614355,104139858.23151436
1163,78099972.9614355,77030237.7055879
1164,86787676.9919473,99848179.35200268
1165,271262771.1840489,339433078.3525834
1166,342341806.51706576,402699988.92185307
1167,563287887.1026353,637843287.2502067
1168,545730506.7939608,622848758.3839372
1169,566224769.95742,595440899.5848107
1170,604753677.6547395,609544302.6525486
1171,632795227.3762326,663359283.490488
1172,646099478.1066515,665729993.8428006
1173,635471421.4302472,615393065.389204
1174,648695635.6758083,618308705.0641348
1175,673870123.6962047,660438451.52494
1176,537781567.656314,547291498.9702284
1177,375270355.2157629,356161826.3957131
1178,329874210.41964245,353228850.6319237
1179,324562579.5855475,335642704.69409
1180,317715260.5092991,323982412.4092789
1181,118139963.34804936,168129611.60460442
1182,160553671.18631577,164868204.0875384
1183,131424400.95075424,181640367.91231975
1184,66606321.52290234,176472447.54181626
1185,102816563.26543723,95974149.18293676
1186,103780352.59621878,203347524.80258685
1187,66606321.52290234,132516193.43070647
1188,66606321.52290234,181291458.8104916
1189,264317164.19850603,349480281.7996194
1190,286274688.9864812,331535536.9406955
1191,337780917.68361956,419565985.253806
1192,349391008.9349834,418953869.9314698
1193,351609689.8157442,412352173.4163189
1194,381907578.31729895,381599398.6279629
1195,334194604.6903432,343908913.28860027
1196,329278134.2289715,347921274.20656234
1197,331737325.7225376,355871490.29674697
1198,321808607.4693606,364327683.4000712
1199,329224381.78391695,378429868.7703169
1200,307356235.80279636,281813467.0144514
1201,222300526.0320803,240941367.69543344
1202,173071521.2217872,205672833.14147514
1203,200614980.35380325,178560920.7046132
1204,103785487.59097853,153913058.11397988
1205,158594169.014388,136945893.37475023
1206,76923795.52290235,111971183.16630402
1207,66606321.52290234,112463958.11002535
1208,66606321.52290234,94244324.03000444
1209,66606321.52290234,84682367.24688101
1210,66606321.52290234,77540990.32783395
1211,66606321.52290234,69542503.59260759
1212,66606321.52290234,64133443.08186692
1213,78474284.27317692,56113870.46049541
1214,54175844.27317692,84125533.12532979
1215,175459065.29263726,128043824.11089051
1216,198721519.4754312,176271018.29803747
1217,181777536.12749538,171177356.53445023
1218,198240828.60538387,179994151.47591388
1219,180025014.14482746,177988378.48468027
1220,209201843.96123904,188958433.35744452
1221,196044897.87709665,184262037.41671795
1222,225236671.65531835,196205313.12278485
1223,207652330.05320412,193997190.10186028
1224,211223806.1401339,199260345.8785361
1225,165141030.5660398,180819103.52952662
1226,179777007.34110156,179670556.43975365
1227,139116728.21837205,166802236.7678129
1228,129068962.09739195,136049337.15346894
1229,103328211.48524125,127052618.20204768
1230,85629153.11143836,83726716.84679493
1231,66606321.52290234,114017277.4082115
1232,78099972.9614355,114127622.42625594
1233,78099972.9614355,108500217.5335443
1234,78099972.9614355,98572887.67210826
1235,78099972.9614355,88160813.81305963
1236,86787676.9919473,104112481.02161074
1237,269190793.1447424,344427305.2682796
1238,326938270.2106888,426662244.0443946
1239,552384242.7415189,641856117.403363
1240,557391666.3688473,577878619.8498725
1241,572090021.8246032,547297512.0581951
1242,610554055.8000596,587426996.1514955
1243,619747398.2498556,653111865.2787759
1244,622145936.7729778,673075281.0030174
1245,615385787.5388837,626768494.7400614
1246,654727975.5891644,635528755.1717153
1247,677359631.8540963,673917907.9589596
1248,510799449.5666204,546752090.9014277
1249,361430880.2062106,370914786.79185194
1250,330019604.7162168,365196820.2606796
1251,325634249.52557904,346382151.2330229
1252,316713399.59342587,340567340.18893325
1253,153556472.0645463,192027064.958633
1254,124597977.94874412,174401399.68962732
1255,161615011.05599117,162353082.49518344
1256,78099972.9614355,148581807.8818743
1257,78099972.9614355,121653451.42946571
1258,78099972.9614355,105719136.48022377
1259,106285731.81272887,133761237.78548601
1260,86787676.9919473,135089962.00164673
1261,268742364.4660486,338393548.60038996
1262,335234117.69200224,421361967.78858036
1263,569789899.5786043,636628582.7678523
1264,577858240.9182165,558333783.1261451
1265,588709652.6223478,536018404.73656213
1266,615322540.7329942,579953453.1561694
1267,624559612.2661341,653584974.7767799
1268,634135169.0963286,667553868.5709943
1269,621870198.4356983,619707563.267668
1270,654849045.9686847,632990620.6326101
1271,688265729.9248693,675523101.5502048
1272,558783838.624553,567728673.006444
1273,402564893.886342,382886061.84933734
1274,342350157.74246436,365223061.2861203
1275,319440243.9007858,351458764.81691486
1276,312782072.1538495,340998247.0247871
1277,137726918.0595563,180896516.65413868
1278,160721869.99561527,165476497.10441786
1279,114362022.9480833,190692474.38616884
1280,106363273.88014443,105793319.17002147
1281,105388225.79189809,134808233.83203992
1282,87774767.50235082,133815792.91484976
1283,96006425.66779706,161343753.2200552
1284,86787676.9919473,188321266.2003845
1285,264976692.08005396,348348607.18978935
1286,339584727.64290917,442263126.32079244
1287,582026973.1237936,636991932.5310628
1288,586310649.4025254,560170279.0526301
1289,598575061.419962,537548799.0523367
1290,625398168.5860337,586220315.5688137
1291,638109027.437845,655472746.5516391
1292,648381730.507822,662515511.413393
1293,640422917.4254683,619540096.3024131
1294,668965007.7520007,625324526.966576
1295,692604111.1725197,664925275.5987623
1296,551244170.343866,565674907.9794637
1297,382090313.1053889,365020461.26171
1298,323325426.5936309,356555487.459483
1299,321013365.8964859,349942531.1438032
1300,317505185.32332027,340866889.4447104
1301,185890190.19410974,196357227.36882126
1302,171986327.4955375,176422261.08369398
1303,146765468.9106746,167708164.6036666
1304,98739656.52683072,157558843.86723974
1305,132277009.05633809,166335531.89518428
1306,105920418.41347815,154212768.95709074
1307,133201722.48731996,154935394.4382747
1308,86787676.9919473,201725585.68117157
1309,261486135.1875334,367786899.4439386
1310,342492863.44299734,448330067.35446036
1311,578568384.8449533,653032180.7184318
1312,583682694.0644199,568219885.462431
1313,601561741.5552504,536037755.12155676
1314,640264402.1472635,574016587.7307141
1315,652257572.9897629,647509662.8743111
1316,659276630.7800802,668117433.3231461
1317,650081745.3481156,620882013.5196333
1318,598203337.4362459,627702206.7186611
1319,615613669.4298662,676919863.4843223
1320,534228171.0181254,552060583.0485717
1321,362951598.7908711,365968090.0414565
1322,326961268.8832292,364731538.1292952
1323,319901916.85340846,350314148.25481045
1324,313240935.71556103,335458437.0709426
1325,114002775.72792055,174297124.0258571
1326,160553847.7444691,157414361.45734313
1327,124570991.25600843,207673183.46833584
1328,114977101.69452317,133474321.65829402
1329,122535506.17949325,203240888.78018823
1330,78099972.9614355,139030256.37248632
1331,78099972.9614355,110140021.54078782
1332,105767190.93595706,202698530.50920388
1333,268425755.25496912,355830417.1530467
1334,342080551.5840731,413731528.803498
1335,559980777.6276708,659671636.8513775
1336,555706776.8279022,616981163.9014506
1337,589751049.1836413,564745798.1045927
1338,633180556.7208438,595896254.6194046
1339,649520129.7910963,663344695.7389073
1340,662957043.5203066,674240297.6795197
1341,646822791.7767512,629037345.2655864
1342,680680824.9935806,635576395.0577068
1343,718022455.4938718,676788774.1275456
1344,571690206.7500771,577011160.0134584
1345,401476006.1040609,383163318.7192424
1346,340661421.58699536,362228859.1512647
1347,333372766.9412758,352915645.16627514
1348,325185705.0733649,344413844.26921153
1349,173503526.3715461,183966221.28654054
1350,176621939.76852173,175980797.72811833
1351,149989941.1618083,190010703.78209665
1352,98931373.04964066,152311827.9629743
1353,84744255.9144466,168267898.1688429
1354,115042047.68488428,78172689.30253658
1355,75584236.37937021,133530627.64382568
1356,66606321.52290234,191831180.33612502
1357,270743496.7423969,352265249.88489354
1358,296264245.8903951,320436549.7663657
1359,343776439.2288753,408463486.11638546
1360,372832967.82792026,416242624.81698155
1361,389293606.0694354,383156812.583371
1362,403353775.58010453,381434153.6415859
1363,357291750.67651576,354946187.1882465
1364,360947434.2485812,365230486.32197815
1365,364543544.7747084,368404456.53938067
1366,368805400.9374145,377477590.8098986
1367,383611201.5839977,390342218.6784979
1368,351489799.7504097,286770364.2395416
1369,243521932.70450824,242595475.65181926
1370,184269282.32454717,215004636.34851182
1371,224477806.0300015,193656690.8871278
1372,179979415.1099784,178345380.97570983
1373,156498853.20550916,162560544.7494244
1374,139943606.76499417,129279053.16785866
1375,84124250.30344436,185407515.01920325
1376,66606321.52290234,117425351.758567
1377,66606321.52290234,92842542.02811044
1378,66606321.52290234,77387972.09432143
1379,66606321.52290234,65740016.756149024
1380,66606321.52290234,61596247.46171561
1381,118865994.29917781,22997762.27300918
1382,136519113.47889617,125415087.69768724
1383,177673238.6634626,188927489.10807437
1384,178219465.82530728,207316688.996124
1385,203879682.1732267,181261590.77173194
1386,197599758.5822034,180456691.77509165
1387,219839973.64218697,196190997.80658856
1388,213961993.4998483,205710302.82882118
1389,233725138.39487493,207275971.3070922
1390,236788560.4329723,233133979.07539737
1391,260595882.55255884,224932313.6026667
1392,234884332.15384263,246408939.81504178
1393,223405132.08730504,202677248.87612635
1394,189113720.51671317,216750761.50861144
1395,205604349.93982866,197591698.46345413
1396,176547192.55884764,181698577.2451638
1397,152260080.0112579,158594475.69572192
1398,144854452.99973282,159924605.18536252
1399,84911830.10386951,119854886.79730669
1400,97109386.75173673,127378240.39000645
1401,144099573.80272397,160072248.01322916
1402,78099972.9614355,109564077.21976703
1403,78099972.9614355,104706258.88029379
1404,139944694.06902874,188276890.17016485
1405,278757759.62861127,392869522.9758343
1406,352445639.3534565,457221775.7930486
1407,566440919.4030335,658305173.1547899
1408,558751945.2619923,607712580.3828286
1409,592568346.567911,553558307.2263592
1410,636855258.474122,588343231.5900313
1411,645703764.1836303,661370013.5733399
1412,660104744.1890066,686016814.476696
1413,663314602.8278363,648255609.9616871
1414,699816636.3021121,658448608.8796754
1415,723686325.8893821,694891255.9517814
1416,583989476.9212779,581997642.7349336
1417,416072847.18189,395086975.1350968
1418,353929629.8633662,379313769.0768625
1419,342821159.9450977,368796890.34047997
1420,331665015.46149886,356284407.34511167
1421,169657235.6870947,203220762.92039025
1422,182375478.31453618,188312837.86600786
1423,157436159.40100786,195544196.44783807
1424,78099972.9614355,156899180.2822131
1425,167354719.0197121,144254354.11702058
1426,78099972.9614355,142272236.24196586
1427,78099972.9614355,109308356.30715704
1428,170772058.66461697,231612876.45101792
1429,281304497.4382296,376765400.3416839
1430,352104829.9603035,447838889.5355281
1431,573067909.0419635,669431904.6467882
1432,572007905.6662879,599043227.1009157
1433,577000607.1922497,576890892.5991225
1434,626656863.5042719,607991208.7971495
1435,641562415.2969048,676075713.5623459
1436,659780217.4790105,697958279.7454591
1437,665026324.8553762,656081248.3323531
1438,699273138.1666985,666646887.4090674
1439,727611525.1273654,700166918.53355
1440,593034775.4998758,587584746.6732987
1441,424356045.3398438,399989131.0894021
1442,368790343.9571583,382274230.1709351
1443,347619097.63611597,370258450.7840075
1444,335708372.04067427,359481761.68805015
1445,185534861.08639738,201983698.71423903
1446,209044437.22389916,185321431.73708394
1447,131418480.08999576,185250080.02808937
1448,133991121.13636725,178073352.5865647
1449,127044193.67288809,148796012.33530164
1450,115611630.3464865,143679879.080582
1451,112848878.69204856,144356858.59482595
1452,129423452.20300671,219076128.57567412
1453,275120181.5335099,373980062.92045915
1454,351249406.07061297,454830815.2258599
1455,569618306.1725092,666530298.3250645
1456,561173786.8220733,612360894.1254747
1457,589614498.3156327,561675137.2576376
1458,623443603.6234995,607783490.070894
1459,642852891.1861093,673393125.1668326
1460,660295319.1202443,690218312.2553366
1461,663030304.5126088,649069094.8678572
1462,691099956.9677007,661104478.728816
1463,714766145.7186273,697659114.6544099
1464,581080659.7318029,589026419.99282
1465,421499545.1136627,402930588.0215582
1466,362154052.33367145,377825084.6283769
1467,343619433.0328767,362908467.9254168
1468,333671379.26742023,359291392.0643328
1469,183759866.30381724,207193231.54211882
1470,207214858.53550747,182181366.65575138
1471,105835625.14859258,174421213.71565565
1472,162866757.48652098,166702142.04767197
1473,78099972.9614355,135001721.83928904
1474,134061725.7624213,180130355.53678933
1475,108656088.31321052,119554671.28786466
1476,106249334.16635208,196441623.09318006
1477,274084477.92821676,391528539.6544589
1478,349123379.10325104,456785462.2391311
1479,568644652.0431513,681975875.8627689
1480,562738556.5507721,607913226.2433472
1481,605412499.9365907,559931608.9168929
1482,642468612.1230879,607188157.8008614
1483,646998351.1751205,675486732.6705215
1484,654908221.7489464,690760006.1287937
1485,656341807.155931,648123274.990814
1486,693604804.8115082,660831405.35273
1487,731023926.6046823,700198089.489418
1488,594590588.6732858,593968501.114203
1489,425802476.24091446,399246869.16411364
1490,355125880.6903919,375732862.5871317
1491,344744360.0716233,365574823.2063781
1492,329483515.53381073,355642509.19760454
1493,171257978.60735083,201573162.96136612
1494,181790181.9217213,182069889.58694586
1495,157594948.93524322,177040167.51010388
1496,78099972.9614355,161344025.2285532
1497,164784693.44346467,156107937.09098673
1498,78099972.9614355,138047827.99224785
1499,160518651.8260097,158369574.92509043
